{
  "config": "mirt-dkvmn/configs/run_c5_d3_20.yaml",
  "checkpoint": "mirt-dkvmn/artifacts/run_c5_d3_20/last.pt",
  "reference_item": 842,
  "alpha_ref": [
    0.9036423087022776,
    1.1963806798513923,
    0.9221578911954676
  ],
  "beta_ref": [
    -0.012543278999407992,
    0.5636083861332338,
    1.7977470837972813,
    2.5537562065073356
  ],
  "students": {
    "High-ability": {
      "index": 4585,
      "seq_len": 140,
      "theta_true": [
        2.8107844737228462,
        2.3000295887444686,
        2.856813872784818
      ],
      "true_er_ref_item": 3.995161727038188
    },
    "Low-ability": {
      "index": 3863,
      "seq_len": 135,
      "theta_true": [
        -2.07856135200417,
        -3.9700658039099967,
        -2.45888608670146
      ],
      "true_er_ref_item": 0.00013876837428401193
    },
    "Mid-ability": {
      "index": 38,
      "seq_len": 150,
      "theta_true": [
        0.12064884511728635,
        0.20064541902856384,
        -0.4691157670092351
      ],
      "true_er_ref_item": 0.8559570888144409
    },
    "Ambiguous": {
      "index": 2418,
      "seq_len": 135,
      "theta_true": [
        1.153037926497095,
        -0.4875929287270877,
        -0.8746685191488531
      ],
      "true_er_ref_item": 0.6827031905926635
    }
  }
}