Model,QWK,ACC,r_alpha,r_beta
DEEP-GPCM,0.6824821829795837,0.5287960171699524,0.7068794682063486,0.9183753035377494
Static GPCM,0.1556832492351532,0.3095597624778747,0.1458548508186451,0.9006792610614885
Dynamic GPCM,0.6186386942863464,0.4594681560993194,0.63446844537394,0.9492485233566288
