{
  "config": "mirt-dkvmn/configs/run_c3_d3_20.yaml",
  "checkpoint": "mirt-dkvmn/artifacts/run_c3_d3_20/last.pt",
  "reference_item": 863,
  "alpha_ref": [
    0.950397670686043,
    1.0833373179696424,
    0.9242533642242423
  ],
  "beta_ref": [
    -8.252508587502927e-05,
    1.40351452793565
  ],
  "students": {
    "High-ability": {
      "index": 4585,
      "seq_len": 134,
      "theta_true": [
        2.8107844737228462,
        2.3000295887444686,
        2.856813872784818
      ],
      "true_er_ref_item": 1.9983664507484633
    },
    "Low-ability": {
      "index": 3863,
      "seq_len": 138,
      "theta_true": [
        -2.07856135200417,
        -3.9700658039099967,
        -2.45888608670146
      ],
      "true_er_ref_item": 0.00019373303584874525
    },
    "Mid-ability": {
      "index": 902,
      "seq_len": 150,
      "theta_true": [
        -0.052725535497252236,
        1.4259502987772819,
        -2.193615947595034
      ],
      "true_er_ref_item": 0.45373085368201316
    },
    "Ambiguous": {
      "index": 2121,
      "seq_len": 143,
      "theta_true": [
        -0.27671002416479784,
        0.4338486007148847,
        -0.2282648488071698
      ],
      "true_er_ref_item": 0.664784733188724
    }
  }
}